{
  "eval_loss": 0.3874119222164154,
  "eval_accuracy": 0.8956639566395664,
  "eval_f1_macro": 0.8698376764136516,
  "eval_runtime": 32.0579,
  "eval_samples_per_second": 23.021,
  "eval_steps_per_second": 0.749,
  "epoch": 4.0
}