{
  "eval_loss": 0.15558531880378723,
  "eval_accuracy": 0.8726287262872628,
  "eval_f1_macro": 0.842880264900225,
  "eval_runtime": 29.8899,
  "eval_samples_per_second": 24.691,
  "eval_steps_per_second": 0.803,
  "epoch": 4.0
}